Sa;Sz;Str;Spc;Sdr;Sq;Ssk;Sku;Sp;Sv;Sal;Std;Sdq;Spd;Sk;Spk;Svk;Smr1;Smr2;Sxp;Vvv;Vvc;Vmp;Vmc;A;Class;ClassNo.
6,358;140,041;0,578;158,470;0,1202;9,926;3,201;23,241;109,361;30,679;169,060;90,000;0,519;2558,082;15,120;20,024;5,584;16,496;91,534;24,119;0,632;10,556;1,110;5,862;5698488,305;adhesive;3
5,272;75,166;0,345;134,007;0,08155;7,720;1,781;8,898;47,407;27,759;137,424;90,000;0,417;2569,162;13,769;16,294;5,497;13,546;90,519;23,774;0,620;7,898;0,907;5,041;5698488,305;adhesive;3
4,711;102,233;0,440;144,725;0,09413;6,586;1,658;11,552;75,223;27,010;78,595;87,900;0,451;2546,649;13,156;11,303;4,914;13,769;91,078;15,930;0,563;7,393;0,604;4,773;5698488,305;adhesive;3
5,105;122,373;0,427;150,014;0,1056;7,777;2,997;24,776;86,224;36,149;114,374;90,000;0,481;2515,693;14,038;14,865;5,337;12,755;91,056;17,553;0,591;7,728;0,801;5,076;5698488,305;adhesive;3
4,438;67,153;0,156;142,752;0,09488;5,708;0,326;3,760;30,857;36,295;38,889;87,700;0,453;2550,694;13,624;7,211;5,023;11,845;90,322;12,468;0,593;6,977;0,357;4,865;5698488,305;adhesive;3
7,707;83,836;0,563;161,374;0,1071;10,211;1,267;4,709;55,688;28,148;142,583;90,000;0,480;2704,418;18,171;20,615;4,550;19,338;94,042;29,202;0,582;15,251;0,831;7,623;5698488,305;adhesive;3
6,884;86,582;0,198;149,256;0,1042;9,891;1,624;6,542;55,260;31,322;146,554;89,500;0,475;2518,155;16,433;22,789;5,648;15,676;91,114;32,556;0,667;11,245;1,264;6,403;5698488,305;adhesive;3
4,018;61,183;0,181;137,408;0,08622;5,273;0,409;4,265;34,332;26,851;36,920;86,700;0,432;2627,732;11,603;7,171;5,014;13,589;89,532;11,798;0,560;6,485;0,347;4,315;5698488,305;adhesive;3
7,998;71,011;0,420;164,006;0,1097;10,445;1,083;3,724;42,548;28,462;138,138;86,700;0,486;2659,392;18,007;21,571;4,878;20,718;92,835;28,648;0,627;17,051;0,622;8,081;5698488,305;adhesive;3
6,440;85,941;0,488;151,565;0,1027;8,733;1,135;5,105;53,926;32,015;146,702;87,000;0,471;2538,558;16,576;16,957;5,951;16,194;91,838;24,824;0,675;11,368;0,814;6,374;5698488,305;adhesive;3
4,477;60,249;0,159;145,715;0,09619;5,777;0,468;4,019;35,270;24,980;39,307;88,100;0,457;2520,090;13,738;7,637;4,864;12,118;91,141;12,962;0,570;7,077;0,380;4,866;5698488,305;adhesive;3
4,866;81,434;0,104;145,473;0,09811;6,311;0,572;4,832;54,967;26,468;42,393;88,200;0,462;2503,733;15,041;8,339;5,270;11,535;90,815;13,616;0,628;7,575;0,418;5,310;5698488,305;adhesive;3
4,323;68,591;0,163;142,863;0,09357;5,540;0,467;4,144;39,385;29,205;36,447;87,500;0,450;2509,361;13,694;7,069;4,438;11,366;91,884;12,058;0,528;6,840;0,350;4,761;5698488,305;adhesive;3
4,254;60,106;0,183;143,933;0,09316;5,479;0,580;3,994;30,625;29,481;38,319;90,000;0,449;2574,791;12,859;7,519;4,219;13,407;92,089;12,782;0,497;6,965;0,369;4,577;5698488,305;adhesive;3
9,282;72,183;0,571;175,676;0,1235;11,256;0,565;2,626;40,636;31,547;151,223;87,300;0,516;2661,502;27,190;13,578;3,958;17,936;95,786;26,117;0,695;16,351;0,533;10,331;5698488,305;adhesive;3
6,449;79,509;0,417;156,218;0,1046;8,699;1,214;4,980;50,170;29,339;171,741;87,800;0,475;2529,940;16,479;17,169;4,876;16,806;92,489;24,939;0,601;11,793;0,802;6,434;5698488,305;adhesive;3
4,748;107,805;0,241;145,602;0,09916;6,389;1,239;9,335;80,522;27,283;48,283;87,900;0,465;2479,988;13,500;9,907;4,939;14,362;91,457;15,016;0,560;7,740;0,502;4,944;5698488,305;adhesive;3
4,534;87,689;0,132;141,392;0,09180;5,905;0,435;4,480;52,168;35,521;42,227;88,000;0,446;2552,981;13,369;7,685;5,356;13,463;90,257;12,968;0,610;7,305;0,373;4,878;5698488,305;adhesive;3
4,620;90,121;0,191;145,061;0,09766;6,190;1,044;7,958;61,594;28,528;50,272;87,100;0,461;2513,055;13,873;8,908;5,045;12,102;90,708;13,050;0,591;7,159;0,457;4,948;5698488,305;adhesive;3
4,547;73,251;0,138;146,300;0,09728;5,865;0,446;4,122;42,784;30,467;40,480;86,900;0,460;2543,659;13,907;7,572;5,129;12,349;91,297;13,011;0,578;7,212;0,376;4,950;5698488,305;adhesive;3
4,205;69,957;0,234;141,520;0,09092;5,362;0,330;3,819;35,201;34,757;37,713;88,000;0,443;2595,369;13,152;6,286;4,761;11,824;91,539;11,326;0,537;6,616;0,312;4,631;5698488,305;adhesive;3
3,856;71,294;0,165;132,317;0,07719;5,111;0,689;5,093;44,969;26,325;42,114;89,600;0,408;2794,296;11,198;7,717;4,354;13,327;90,543;11,948;0,491;6,249;0,380;4,103;5698488,305;adhesive;3
7,910;75,473;0,718;164,938;0,1087;9,963;0,740;3,104;38,171;37,302;184,044;87,400;0,484;2689,644;21,483;15,306;4,782;18,784;93,825;24,943;0,669;15,125;0,534;8,527;5698488,305;adhesive;3
5,054;73,508;0,241;145,049;0,09488;6,967;1,207;6,844;45,650;27,859;72,177;88,400;0,452;2547,704;14,418;12,568;5,393;12,581;90,738;17,795;0,617;7,746;0,665;5,190;5698488,305;adhesive;3
4,538;69,481;0,153;144,894;0,09776;5,851;0,259;3,798;36,482;32,999;38,205;90,000;0,460;2487,375;13,881;7,156;5,604;11,443;89,663;12,446;0,638;7,026;0,355;5,006;5698488,305;adhesive;3
4,785;73,377;0,193;151,329;0,1050;6,164;0,589;4,265;46,068;27,310;43,547;87,500;0,480;2532,050;14,660;8,414;4,815;12,669;91,893;14,265;0,570;7,747;0,413;5,184;5698488,305;adhesive;3
4,630;102,503;0,210;145,837;0,09742;6,035;0,558;5,782;56,656;45,847;45,235;86,900;0,461;2537,855;14,255;7,776;5,397;11,796;91,118;12,783;0,608;7,230;0,389;5,016;5698488,305;adhesive;3
4,320;58,472;0,137;141,220;0,09046;5,563;0,335;3,785;33,425;25,047;38,774;87,700;0,442;2526,598;13,206;6,979;5,064;12,006;90,415;12,050;0,582;6,803;0,343;4,721;5698488,305;adhesive;3
3,488;67,947;0,152;126,366;0,06765;4,591;0,316;4,314;27,430;40,517;40,786;88,500;0,379;2819,975;10,107;6,256;4,774;13,248;89,879;10,389;0,506;5,540;0,306;3,690;5698488,305;adhesive;3
8,041;88,157;0,421;169,312;0,1171;10,372;0,902;3,515;55,040;33,117;140,694;87,800;0,505;2591,676;19,632;18,905;6,020;20,124;92,988;27,051;0,706;16,261;0,584;8,308;5698488,305;adhesive;3
5,964;87,231;0,289;157,673;0,1128;8,289;1,285;6,157;49,877;37,354;130,863;89,600;0,498;2524,663;15,894;16,599;5,487;14,369;90,711;23,341;0,661;9,799;0,865;5,963;5698488,305;adhesive;3
7,818;143,859;0,431;166,693;0,1314;11,734;2,762;17,018;112,967;30,892;177,566;89,800;0,539;2596,601;20,170;21,755;5,999;15,476;93,044;29,440;0,716;11,597;1,325;7,421;5698488,305;adhesive;3
5,334;144,590;0,257;145,357;0,1048;8,862;4,475;40,863;116,907;27,683;91,483;128,000;0,479;2562,479;14,153;15,792;5,329;13,475;90,753;15,770;0,614;7,808;0,900;5,149;5698488,305;adhesive;3
4,640;92,135;0,213;144,484;0,09915;6,218;0,872;7,485;66,606;25,529;44,871;90,000;0,464;2502,326;13,651;8,811;5,711;12,402;89,888;13,385;0,637;7,205;0,447;4,961;5698488,305;adhesive;3
4,349;64,002;0,202;139,669;0,08957;5,638;0,499;4,385;38,303;25,699;40,141;88,100;0,441;2533,809;13,331;7,488;4,881;11,843;90,736;12,323;0,566;6,847;0,371;4,745;5698488,305;adhesive;3
3,798;62,975;0,171;131,099;0,07571;4,889;0,387;4,123;36,478;26,497;38,353;87,400;0,403;2733,615;11,747;6,048;4,300;11,919;90,979;10,523;0,489;6,013;0,299;4,190;5698488,305;adhesive;3
3,983;67,890;0,157;136,826;0,08070;5,109;0,167;3,660;35,836;32,054;39,391;90,000;0,415;2725,876;12,341;6,054;4,866;11,071;89,884;10,671;0,557;6,157;0,298;4,416;5698488,305;adhesive;3
7,737;72,218;0,621;161,810;0,1100;9,938;0,823;3,478;43,568;28,651;173,602;87,600;0,487;2504,436;20,905;16,256;5,210;17,889;92,794;25,665;0,717;14,691;0,616;8,203;5698488,305;adhesive;3
5,868;77,012;0,351;158,781;0,1156;7,869;1,068;5,199;47,173;29,839;131,875;87,600;0,504;2501,974;16,581;14,322;5,129;13,928;91,977;21,288;0,627;9,732;0,721;6,045;5698488,305;adhesive;3
4,436;77,282;0,172;146,114;0,1019;5,763;0,362;4,239;40,957;36,325;37,391;88,200;0,472;2521,321;13,524;7,566;5,381;11,850;90,605;12,683;0,598;6,953;0,375;4,825;5698488,305;adhesive;3
4,612;100,298;0,157;141,928;0,09478;5,981;0,542;6,027;78,029;22,269;42,063;90,000;0,453;2506,723;14,005;7,257;5,289;11,855;89,436;12,429;0,630;7,176;0,361;5,111;5698488,305;adhesive;3
6,452;121,354;0,268;152,993;0,1112;10,041;2,566;14,289;90,180;31,173;182,666;88,000;0,495;2626,677;16,015;22,444;6,137;13,993;90,878;30,869;0,698;9,431;1,301;5,890;5698488,305;adhesive;3
4,307;87,286;0,406;134,686;0,08324;5,759;0,850;8,616;59,048;28,238;59,781;87,800;0,424;2687,533;13,225;8,000;5,456;10,656;90,419;11,734;0,597;6,457;0,403;4,648;5698488,305;adhesive;3
3,749;101,215;0,301;129,029;0,07427;5,218;1,755;18,934;74,889;26,327;52,723;88,000;0,399;2746,631;11,083;7,589;4,649;11,688;89,866;10,594;0,518;5,671;0,390;3,986;5698488,305;adhesive;3
3,714;58,485;0,128;128,154;0,07352;4,875;0,316;4,552;34,049;24,436;39,999;87,900;0,396;2727,635;11,089;6,254;5,072;11,493;89,091;10,156;0,557;5,629;0,314;4,024;5698488,305;adhesive;3
5,561;83,099;0,240;158,929;0,1119;7,424;0,987;5,246;48,213;34,886;60,458;87,700;0,494;2532,578;16,024;12,451;5,289;13,833;92,005;19,458;0,618;9,080;0,638;5,793;5698488,305;adhesive;3
5,068;77,886;0,193;150,299;0,1036;6,621;0,729;4,515;49,259;28,627;52,116;90,000;0,475;2489,838;15,262;9,966;4,968;12,580;91,710;16,062;0,596;8,056;0,505;5,414;5698488,305;adhesive;3
5,125;82,607;0,251;147,387;0,1003;7,039;1,250;7,322;53,073;29,535;70,038;88,300;0,467;2536,799;14,333;12,445;5,249;13,555;90,697;17,844;0,613;8,076;0,657;5,245;5698488,305;adhesive;3
4,851;111,900;0,191;148,074;0,1020;6,491;1,259;11,724;81,486;30,414;47,974;90,000;0,471;2501,446;14,407;9,142;5,238;13,218;91,185;14,244;0,603;7,860;0,452;5,178;5698488,305;adhesive;3
4,905;119,372;0,163;149,432;0,1039;6,890;2,218;20,719;89,693;29,679;56,910;88,500;0,478;2511,296;14,286;10,427;4,915;13,208;91,246;14,655;0,577;7,756;0,544;5,180;5698488,305;adhesive;3
5,575;104,602;0,679;143,387;0,09315;8,682;2,480;14,831;80,718;23,884;182,649;89,800;0,450;2708,464;14,271;19,537;6,159;12,004;88,217;22,471;0,699;7,681;1,069;5,394;5698488,305;adhesive;3
3,573;71,341;0,234;121,477;0,06366;4,598;-0,194;4,480;36,565;34,776;45,999;89,600;0,367;2799,924;11,255;4,706;5,130;9,379;89,434;8,788;0,548;5,243;0,237;3,995;5698488,305;adhesive;3
7,194;84,406;0,185;161,566;0,1174;9,231;0,800;3,795;51,559;32,846;195,999;88,300;0,507;2503,029;19,975;14,260;5,737;16,988;93,246;23,322;0,691;12,845;0,628;7,592;5698488,305;adhesive;3
5,194;88,333;0,307;150,347;0,1035;7,068;1,001;6,464;55,298;33,035;76,018;87,700;0,475;2561,423;14,448;11,895;6,018;13,939;90,395;17,537;0,661;8,370;0,607;5,355;5698488,305;adhesive;3
5,905;112,687;0,433;153,953;0,1088;8,032;1,606;11,365;82,583;30,104;124,788;90,000;0,487;2542,955;16,447;12,763;5,201;15,626;92,180;18,902;0,622;10,055;0,629;6,135;5698488,305;adhesive;3
4,785;68,183;0,147;146,584;0,1015;6,190;0,337;3,894;39,039;29,144;39,822;87,900;0,471;2507,954;14,296;7,778;5,724;12,595;89,618;13,390;0,655;7,608;0,379;5,260;5698488,305;adhesive;3
4,447;122,737;0,277;140,901;0,09280;6,432;2,647;29,089;98,157;24,580;59,150;88,000;0,449;2697,031;13,106;9,725;5,666;11,040;89,698;12,175;0,630;6,483;0,502;4,659;5698488,305;adhesive;3
3,957;69,399;0,238;134,824;0,08102;5,122;0,312;3,970;34,436;34,963;40,880;88,000;0,418;2625,094;12,068;6,481;4,876;11,942;90,305;11,140;0,548;6,213;0,320;4,302;5698488,305;adhesive;3
4,416;56,631;0,123;141,763;0,09187;5,657;0,301;3,684;31,609;25,022;38,323;89,000;0,446;2542,955;13,771;6,981;5,006;11,249;90,661;12,190;0,582;6,869;0,347;4,882;5698488,305;adhesive;3
4,341;59,177;0,158;145,490;0,09489;5,560;0,193;3,593;34,166;25,011;37,296;88,100;0,453;2530,995;13,450;6,445;5,480;11,437;90,242;11,638;0,617;6,752;0,317;4,757;5698488,305;adhesive;3
4,362;62,097;0,110;139,890;0,08725;5,560;0,319;3,807;30,986;31,111;39,761;88,400;0,435;2645,145;13,867;6,666;4,728;11,102;91,456;11,812;0,558;6,826;0,331;4,812;5698488,305;adhesive;3
3,795;56,377;0,164;128,854;0,07452;4,930;0,283;3,799;29,085;27,292;38,993;90,000;0,399;2673,814;11,219;6,414;4,699;11,659;88,106;10,562;0,543;5,843;0,317;4,222;5698488,305;adhesive;3
4,408;61,851;0,149;145,525;0,09658;5,628;0,239;3,632;34,625;27,225;38,696;87,900;0,458;2564,238;13,820;6,655;5,190;11,331;90,971;12,006;0,584;6,908;0,327;4,877;5698488,305;adhesive;3
4,371;69,412;0,126;144,726;0,09456;5,633;0,240;3,941;32,000;37,412;36,959;87,500;0,452;2549,991;13,379;6,830;5,462;12,088;90,805;12,198;0,594;6,870;0,337;4,769;5698488,305;adhesive;3
4,234;67,265;0,110;140,661;0,08991;5,432;0,248;3,884;38,801;28,464;36,622;87,300;0,441;2550,167;13,100;6,493;5,142;11,695;90,851;11,621;0,570;6,614;0,321;4,646;5698488,305;adhesive;3
4,568;65,123;0,079;144,241;0,09554;5,848;0,154;3,561;30,656;34,468;39,299;88,400;0,456;2519,211;14,210;6,821;5,734;11,099;90,135;12,310;0,648;7,059;0,337;5,025;5698488,305;adhesive;3
3,717;53,726;0,120;125,848;0,06672;4,740;0,223;3,682;24,249;29,477;40,461;90,000;0,375;2799,924;11,602;5,405;4,240;11,445;90,489;9,886;0,499;5,789;0,268;4,118;5698488,305;adhesive;3
3,334;61,640;0,265;127,078;0,06686;4,341;0,475;4,281;33,924;27,716;41,286;85,900;0,376;2937,115;9,984;5,921;3,818;12,539;90,367;9,788;0,439;5,294;0,293;3,614;5698488,305;adhesive;3
4,252;62,559;0,132;138,011;0,08818;5,467;0,296;3,798;34,384;28,175;38,506;87,400;0,437;2571,625;13,174;6,797;5,055;11,283;90,395;11,844;0,579;6,584;0,338;4,667;5698488,305;adhesive;3
4,354;70,688;0,163;145,469;0,09541;5,621;0,367;4,169;40,738;29,950;38,086;87,300;0,455;2519,387;13,414;7,065;5,215;11,943;91,182;12,303;0,574;6,823;0,353;4,733;5698488,305;adhesive;3
4,184;58,839;0,150;141,257;0,08949;5,372;0,307;3,742;29,524;29,315;37,525;88,300;0,441;2554,564;12,947;6,685;4,857;11,370;90,277;11,533;0,566;6,523;0,330;4,604;5698488,305;adhesive;3
4,130;56,618;0,151;140,741;0,08957;5,341;0,230;3,846;31,537;25,081;36,528;87,600;0,440;2561,247;12,544;6,467;5,407;11,747;89,865;11,285;0,595;6,383;0,321;4,506;5698488,305;adhesive;3
4,228;60,655;0,101;139,815;0,08902;5,401;0,268;3,675;28,985;31,670;36,188;90,000;0,439;2545,770;13,166;6,401;4,821;11,686;90,790;11,581;0,562;6,652;0,315;4,652;5698488,305;adhesive;3
4,111;62,571;0,135;141,415;0,08816;5,249;0,220;3,681;34,645;27,926;36,913;87,400;0,436;2606,098;12,955;6,065;4,786;10,784;90,319;10,844;0,563;6,335;0,302;4,564;5698488,305;adhesive;3
4,298;69,812;0,137;145,643;0,09611;5,514;0,380;3,967;45,961;23,851;34,905;87,700;0,457;2522,201;13,351;6,826;4,644;11,201;90,267;11,735;0,559;6,650;0,342;4,786;5698488,305;adhesive;3
4,313;59,851;0,115;141,463;0,08898;5,516;0,195;3,514;32,256;27,595;42,017;88,200;0,438;2582,530;13,364;6,429;5,157;11,271;89,810;11,544;0,602;6,703;0,317;4,783;5698488,305;adhesive;3
4,181;61,900;0,153;139,521;0,08821;5,378;0,342;3,777;34,129;27,771;36,089;89,500;0,436;2542,076;12,761;6,721;4,895;12,154;90,468;11,754;0,562;6,606;0,330;4,571;5698488,305;adhesive;3
4,504;62,251;0,114;142,986;0,09156;5,820;0,495;3,804;34,665;27,586;45,753;88,200;0,445;2595,193;13,552;8,092;4,775;12,707;90,943;13,770;0,565;7,198;0,402;4,867;5698488,305;adhesive;3
4,183;56,179;0,090;138,362;0,08660;5,350;0,156;3,654;32,031;24,148;36,696;88,600;0,432;2584,464;13,190;6,081;5,353;10,266;90,028;10,822;0,603;6,331;0,304;4,630;5698488,305;adhesive;3
3,837;57,550;0,143;132,294;0,07765;5,057;0,423;4,525;31,675;25,875;38,859;89,800;0,408;2763,164;11,098;6,959;4,835;12,821;88,820;11,262;0,550;6,020;0,345;4,141;5698488,305;adhesive;3
4,329;64,721;0,106;145,016;0,09586;5,530;0,273;3,783;36,702;28,019;36,554;87,900;0,456;2521,849;13,576;6,438;5,070;11,453;90,969;11,604;0,579;6,789;0,317;4,766;5698488,305;adhesive;3
4,572;78,344;0,117;144,492;0,09608;5,847;0,370;3,809;42,147;36,197;38,526;88,000;0,458;2451,671;14,358;7,304;4,759;11,087;90,734;12,576;0,580;7,124;0,364;5,095;5698488,305;adhesive;3
4,822;63,362;0,215;141,657;0,08646;6,129;0,386;3,403;39,726;23,636;73,779;87,800;0,431;2652,180;14,316;7,567;5,131;14,804;91,487;13,739;0,590;8,237;0,327;5,249;5698488,305;adhesive;3
4,072;65,128;0,133;134,628;0,08307;5,216;0,269;4,068;38,187;26,941;35,859;88,100;0,424;2565,117;12,898;6,060;4,968;10,672;90,995;10,773;0,550;6,265;0,302;4,510;5698488,305;adhesive;3
3,916;54,156;0,129;133,474;0,07982;5,068;0,341;3,839;28,609;25,547;39,023;88,100;0,414;2778,818;11,789;6,676;4,702;12,489;90,561;11,353;0,522;6,264;0,323;4,263;5698488,305;adhesive;3
4,098;65,102;0,163;137,156;0,08599;5,298;0,190;3,701;34,465;30,637;39,132;88,100;0,432;2718,489;12,412;6,487;5,322;11,836;89,630;11,350;0,590;6,417;0,316;4,491;5698488,305;adhesive;3
3,956;63,349;0,199;138,856;0,08331;5,072;0,132;3,815;27,081;36,268;36,371;88,400;0,423;2701,956;12,377;5,783;4,934;10,745;90,058;10,394;0,562;6,052;0,288;4,375;5698488,305;adhesive;3
4,405;63,917;0,299;140,939;0,08553;5,748;0,491;4,027;38,015;25,902;68,080;90,000;0,428;2700,197;13,158;8,381;4,933;12,060;89,908;13,529;0,581;6,942;0,415;4,778;5698488,305;adhesive;3
4,479;60,377;0,097;141,562;0,09299;5,711;0,130;3,500;32,176;28,200;38,026;87,300;0,450;2528,885;14,005;6,415;5,540;10,675;89,863;11,734;0,636;6,830;0,319;4,980;5698488,305;adhesive;3
4,396;64,575;0,129;142,034;0,09266;5,690;0,251;3,867;35,870;28,705;39,200;88,100;0,449;2535,568;13,307;7,018;5,537;11,766;89,534;12,015;0,618;6,852;0,347;4,856;5698488,305;adhesive;3
4,055;72,768;0,154;140,242;0,08484;5,236;0,343;4,026;35,501;37,267;38,270;88,100;0,427;2749,973;12,541;6,811;4,708;10,753;89,909;11,308;0,555;6,162;0,341;4,464;5698488,305;adhesive;3
4,471;60,959;0,131;141,993;0,09099;5,723;0,357;3,858;32,298;28,662;37,504;88,200;0,444;2544,187;13,952;6,865;4,953;11,651;90,891;12,122;0,579;7,070;0,337;4,959;5698488,305;adhesive;3
4,503;63,603;0,115;148,615;0,1008;5,812;0,408;3,984;37,719;25,884;38,491;88,100;0,469;2541,900;13,594;7,526;5,143;12,380;90,314;12,687;0,598;7,145;0,367;4,916;5698488,305;adhesive;3
4,709;62,684;0,111;142,157;0,09425;5,989;0,353;3,525;37,996;24,688;41,616;88,400;0,452;2507,778;14,705;7,280;4,792;11,598;90,757;13,017;0,595;7,425;0,360;5,243;5698488,305;adhesive;3
4,856;62,076;0,291;126,992;0,06498;6,153;0,475;3,488;32,272;29,804;194,942;154,700;0,369;2840,026;14,986;7,839;4,453;13,102;92,597;14,027;0,537;7,975;0,377;5,362;5698488,305;adhesive;3
4,558;59,632;0,434;137,562;0,07486;5,759;-0,225;3,270;29,245;30,387;166,720;86,800;0,397;2856,384;14,390;5,063;6,311;8,690;87,971;10,379;0,729;6,561;0,260;5,178;5698488,305;adhesive;3
4,521;55,595;0,347;132,969;0,07179;5,751;0,073;3,383;28,813;26,782;137,305;88,100;0,389;2819,624;14,168;6,146;5,708;10,773;89,944;11,644;0,646;6,926;0,305;5,041;5698488,305;adhesive;3
3,881;55,178;0,467;133,163;0,06978;5,068;-0,489;4,081;25,050;30,129;64,215;88,300;0,383;2871,686;11,672;4,563;7,392;9,219;87,957;8,889;0,733;5,427;0,230;4,204;5698488,305;adhesive;3
3,415;47,776;0,482;126,291;0,06244;4,450;-0,333;3,959;22,781;24,995;49,636;87,500;0,361;2952,769;10,259;4,372;5,981;10,092;88,198;8,256;0,604;4,939;0,218;3,730;5698488,305;adhesive;3
4,984;54,981;0,248;129,636;0,06989;6,217;0,175;2,982;33,526;21,456;268,570;86,500;0,385;2833,519;16,300;6,396;4,787;9,970;90,832;12,676;0,615;7,766;0,320;5,757;5698488,305;adhesive;3
4,225;55,599;0,441;132,345;0,07060;5,526;-0,300;3,751;28,884;26,715;166,461;87,700;0,385;2846,534;12,122;5,516;7,885;9,960;86,149;9,819;0,829;5,863;0,276;4,551;5698488,305;adhesive;3
3,610;54,366;0,532;127,611;0,06364;4,747;-0,470;4,078;27,031;27,335;94,867;87,400;0,365;2905,632;10,491;4,438;7,067;9,685;86,872;8,263;0,711;5,005;0,222;3,893;5698488,305;adhesive;3
3,147;47,397;0,210;118,039;0,05694;4,054;0,293;3,830;27,949;19,448;39,583;87,000;0,346;2895,254;9,603;4,989;3,732;11,764;89,957;8,636;0,430;4,914;0,246;3,469;5698488,305;adhesive;3
4,235;54,390;0,162;124,478;0,06237;5,563;0,719;4,157;33,612;20,778;141,055;89,700;0,362;2912,139;12,117;8,782;4,221;14,226;90,934;14,018;0,499;7,074;0,427;4,497;5698488,305;adhesive;3
4,308;53,398;0,479;136,109;0,07284;5,736;-0,589;4,162;24,031;29,367;137,667;90,000;0,392;2886,284;12,166;5,271;9,362;10,278;86,539;9,872;0,931;5,915;0,263;4,498;5698488,305;adhesive;3
3,328;59,711;0,117;117,153;0,05643;4,302;0,203;3,960;33,833;25,878;46,957;90,000;0,344;2895,606;9,988;5,063;4,547;12,730;90,313;9,028;0,481;5,264;0,244;3,593;5698488,305;adhesive;3
4,994;62,903;0,292;135,616;0,07475;6,339;0,002;3,214;28,211;34,692;267,344;87,000;0,398;2806,784;15,590;6,380;6,529;10,529;89,147;12,435;0,749;7,566;0,317;5,585;5698488,305;adhesive;3
4,070;61,703;0,428;128,215;0,06513;5,201;-0,257;3,316;36,456;25,247;103,866;86,300;0,369;2878,721;12,357;4,835;6,397;9,096;87,051;9,361;0,701;5,771;0,244;4,567;5698488,305;adhesive;3
3,595;53,310;0,097;116,502;0,05570;4,585;0,289;3,545;34,066;19,244;71,932;87,500;0,341;2925,507;11,134;5,390;4,038;11,653;90,218;9,785;0,479;5,639;0,266;3,998;5698488,305;adhesive;3
5,003;64,471;0,134;131,780;0,07022;6,694;0,869;4,611;41,065;23,406;154,789;0,000;0,385;2790,954;14,066;11,834;5,027;13,775;90,547;17,666;0,600;8,315;0,581;5,199;5698488,305;adhesive;3
4,797;53,771;0,258;139,781;0,07778;6,070;-0,101;3,121;26,959;26,812;169,530;87,400;0,406;2828,418;14,918;5,575;6,471;10,440;88,689;11,523;0,737;7,234;0,276;5,415;5698488,305;adhesive;3
3,365;44,234;0,175;115,920;0,05430;4,294;0,246;3,527;24,729;19,504;48,430;86,800;0,337;2888,043;10,369;4,999;3,960;12,018;90,506;9,123;0,457;5,305;0,244;3,695;5698488,305;adhesive;3
8,655;104,128;0,145;147,457;0,1050;11,126;0,968;4,980;66,193;37,934;222,211;25,000;0,478;2810,478;27,904;18,277;5,332;10,236;95,091;27,710;0,777;13,053;0,920;9,418;5698488,305;adhesive;3
7,907;93,323;0,222;173,404;0,1251;9,863;0,624;3,677;52,858;40,465;236,131;22,000;0,522;2781,456;26,916;13,090;4,788;9,741;95,641;22,363;0,718;12,420;0,654;8,898;5698488,305;adhesive;3
5,031;76,902;0,416;167,832;0,1112;6,626;-0,328;4,140;45,719;31,182;60,330;0,000;0,490;2802,914;14,840;6,637;9,616;11,027;88,701;12,321;0,917;7,375;0,327;5,384;5698488,305;adhesive;3
8,868;104,602;0,278;146,667;0,1086;11,923;1,339;6,184;69,164;35,438;285,791;66,000;0,489;2835,453;26,646;22,131;5,305;12,760;94,494;32,169;0,781;14,429;1,147;9,244;5698488,305;adhesive;3
8,094;106,859;0,205;217,635;0,2076;11,188;0,198;5,253;60,175;46,684;74,545;46,100;0,682;2718,313;22,335;16,127;17,454;12,201;89,437;23,964;1,502;11,810;0,822;8,063;5698488,305;adhesive;3
11,693;134,260;0,420;184,421;0,1784;16,307;1,612;5,934;77,108;57,151;206,331;74,500;0,639;2691,579;25,180;36,122;6,847;19,704;92,163;52,274;0,920;22,601;1,701;10,826;5698488,305;adhesive;3
7,835;87,424;0,659;142,870;0,08594;10,598;0,616;4,040;45,122;42,302;463,070;87,100;0,429;2632,481;20,676;18,985;10,224;14,313;88,310;27,676;1,099;13,338;0,875;8,146;5698488,305;adhesive;3
3,667;57,905;0,135;121,265;0,06528;4,737;0,281;3,980;30,596;27,309;40,642;87,800;0,371;2729,922;11,157;5,782;4,540;11,633;89,774;9,960;0,512;5,674;0,287;4,039;5698488,305;adhesive;3
7,913;86,134;0,126;163,239;0,1100;9,877;0,613;3,575;57,413;28,721;217,334;143,200;0,486;2670,121;25,426;12,339;5,318;12,535;94,597;22,406;0,746;13,161;0,589;8,817;5698488,305;adhesive;3
11,752;83,177;0,416;152,878;0,08801;13,771;-0,038;2,026;42,517;40,660;471,425;90,000;0,432;2941,864;44,941;6,415;5,817;3,065;95,353;23,203;1,124;17,136;0,391;14,388;5698488,305;adhesive;3
4,053;65,781;0,107;128,189;0,07234;5,189;0,430;3,836;38,590;27,191;50,211;86,800;0,393;2624,215;12,707;6,667;4,256;11,574;91,571;11,425;0,501;6,407;0,330;4,458;5698488,305;adhesive;3
6,491;79,337;0,599;176,328;0,1218;8,759;-0,054;4,380;41,450;37,887;140,008;86,000;0,511;2801,683;18,154;11,120;13,121;12,012;88,547;18,300;1,227;9,378;0,564;6,613;5698488,305;adhesive;3
6,944;75,233;0,553;151,600;0,09180;8,844;-0,208;3,455;38,838;36,395;211,775;0,000;0,442;2712,861;21,951;7,805;10,945;10,296;90,608;16,557;1,060;10,494;0,388;7,773;5698488,305;adhesive;3
8,253;89,919;0,212;173,948;0,1085;10,222;0,024;2,889;54,297;35,622;228,591;90,000;0,481;2911,084;27,472;9,082;8,963;8,909;91,117;19,564;1,051;12,581;0,464;9,583;5698488,305;adhesive;3
6,261;71,595;0,246;145,624;0,09161;7,777;0,178;3,052;41,950;29,645;222,310;86,900;0,444;2610,144;20,716;7,794;6,282;9,990;92,263;15,806;0,769;9,704;0,390;7,077;5698488,305;adhesive;3
4,110;59,020;0,093;128,769;0,07238;5,244;0,492;3,806;31,643;27,377;51,926;86,800;0,392;2710,750;12,748;6,716;4,077;12,512;92,028;11,721;0,485;6,663;0,327;4,510;5698488,305;adhesive;3
7,222;63,720;0,244;163,574;0,1014;9,419;-0,832;3,304;28,953;34,767;217,297;90,000;0,464;2815,930;18,286;5,614;18,175;8,230;82,066;12,589;1,889;8,602;0,292;7,641;5698488,305;adhesive;3
5,776;67,329;0,521;162,595;0,09524;7,793;-0,996;4,373;27,954;39,375;110,970;86,200;0,449;2962,091;15,467;5,194;15,678;8,967;85,451;11,153;1,488;7,245;0,265;5,844;5698488,305;adhesive;3
5,958;64,125;0,132;142,416;0,08501;7,469;0,251;3,209;37,594;26,531;137,774;90,000;0,427;2733,088;19,415;8,088;5,758;10,147;91,327;15,303;0,726;9,257;0,404;6,803;5698488,305;adhesive;3
3,762;50,984;0,105;127,043;0,06828;4,803;0,397;3,781;28,995;21,989;43,398;86,200;0,379;2676,628;11,722;5,875;3,954;11,778;91,060;10,363;0,476;5,942;0,291;4,159;5698488,305;adhesive;3
7,330;76,885;0,433;161,383;0,1000;9,704;-0,758;3,492;40,842;36,043;230,298;86,700;0,461;2730,801;17,875;7,238;19,136;9,232;81,852;13,494;1,994;8,685;0,363;7,530;5698488,305;adhesive;3
6,307;62,150;0,351;158,770;0,09378;8,312;-0,749;3,553;29,892;32,258;139,197;87,100;0,446;2886,636;16,435;6,035;15,139;9,484;83,345;12,270;1,566;7,956;0,305;6,616;5698488,305;adhesive;3
5,787;78,620;0,164;146,298;0,08857;7,590;0,718;4,681;45,205;33,415;173,786;90,000;0,436;2830,177;17,390;11,256;5,766;12,279;90,476;17,499;0,718;9,169;0,565;6,253;5698488,305;adhesive;3
4,006;51,786;0,111;128,515;0,06953;5,091;0,302;3,328;25,071;26,715;48,398;87,400;0,384;2728,515;12,402;6,045;4,246;12,179;90,583;11,015;0,516;6,420;0,292;4,445;5698488,305;adhesive;3
6,866;70,922;0,418;172,068;0,1162;9,055;-0,789;3,710;34,665;36,257;117,760;89,800;0,499;2728,515;18,352;6,351;16,564;8,957;84,117;13,305;1,691;8,668;0,323;7,159;5698488,305;adhesive;3
8,962;72,578;0,236;162,280;0,09410;10,668;-0,245;2,177;38,079;34,499;245,662;90,000;0,446;2949,955;26,836;5,837;8,886;5,990;81,175;16,073;0,940;12,418;0,330;11,918;5698488,305;adhesive;3
6,338;62,450;0,188;149,435;0,09104;7,773;0,141;2,683;32,981;29,469;197,558;90,000;0,442;2817,337;21,730;7,192;4,979;8,685;91,959;15,565;0,743;9,762;0,371;7,358;5698488,305;adhesive;3
3,855;50,058;0,136;132,830;0,07636;4,924;0,292;3,565;28,641;21,417;39,799;87,200;0,403;2730,977;12,041;5,972;4,358;11,364;90,635;10,597;0,511;6,032;0,295;4,258;5698488,305;adhesive;3
4,173;62,781;0,122;132,158;0,07510;5,356;0,307;3,753;40,637;22,144;46,653;86,700;0,400;2669,065;12,945;6,585;4,841;11,233;90,087;11,433;0,569;6,483;0,326;4,604;5698488,305;adhesive;3
6,325;65,367;0,486;171,693;0,1133;8,408;-0,800;3,929;30,336;35,031;112,366;86,200;0,492;2744,696;17,516;6,007;15,557;9,494;85,825;12,906;1,524;8,294;0,304;6,523;5698488,305;adhesive;3
6,114;63,919;0,208;148,281;0,08959;7,633;0,315;2,927;36,712;27,208;221,375;90,000;0,439;2826,835;19,096;8,243;5,152;12,815;90,956;16,294;0,708;9,958;0,392;6,959;5698488,305;adhesive;3
4,166;64,215;0,167;138,854;0,08733;5,321;0,414;3,895;34,651;29,565;38,652;87,700;0,435;2579,188;13,129;6,576;4,294;11,184;91,026;11,517;0,528;6,502;0,328;4,617;5698488,305;adhesive;3
7,501;293,199;0,276;173,136;0,1569;15,463;7,037;80,025;254,129;39,070;92,046;0,000;0,609;2773,366;18,318;34,604;8,263;10,936;89,117;25,931;0,896;9,211;1,839;6,650;5698488,305;adhesive;3
13,931;256,398;0,355;189,211;0,2075;23,258;3,211;18,441;208,106;48,291;165,759;19,500;0,702;2656,050;35,475;70,226;9,441;10,243;91,055;77,868;1,318;17,038;3,570;12,282;5698488,305;adhesive;3
9,865;153,691;0,172;172,997;0,1451;13,943;1,844;10,645;110,805;42,886;189,861;171,300;0,573;2651,125;28,523;26,493;7,991;12,204;92,068;34,926;1,046;14,745;1,431;10,026;5698488,305;adhesive;3
19,404;361,728;0,230;187,618;0,3154;42,793;4,532;24,726;316,505;45,222;143,233;90,000;0,981;2637,230;30,839;133,450;7,624;12,668;92,520;184,670;1,061;16,912;8,136;10,914;5698488,305;adhesive;3
14,667;322,730;0,380;195,993;0,2719;27,148;4,083;25,515;269,733;52,997;123,616;66,900;0,812;2713,213;31,954;85,090;7,654;11,169;90,398;86,748;0,952;17,637;4,545;12,240;5698488,305;adhesive;3
22,744;293,875;0,633;240,334;0,3569;32,875;2,159;8,558;236,917;56,958;127,916;10,200;0,930;2758,064;27,412;87,733;16,407;24,355;91,429;100,697;1,429;54,080;2,950;17,726;5698488,305;adhesive;3
22,129;210,840;0,532;234,136;0,2851;28,298;1,185;4,329;149,388;61,452;193,261;179,900;0,815;2621,752;50,213;50,854;8,709;23,337;95,541;79,354;1,316;41,608;2,162;22,121;5698488,305;adhesive;3
19,044;160,325;0,708;214,878;0,2254;24,863;1,269;4,324;102,798;57,527;242,221;0,000;0,716;2785,502;43,050;49,259;8,349;21,688;95,571;75,108;1,136;37,834;1,946;18,913;5698488,305;adhesive;3
6,837;139,049;0,309;144,490;0,09930;12,664;3,826;21,328;107,883;31,167;175,598;180,000;0,473;2918,823;14,948;33,009;5,489;13,081;91,129;46,946;0,632;8,171;1,999;5,375;5698488,305;adhesive;3
10,743;257,549;0,587;189,018;0,2074;18,760;4,157;31,419;214,523;43,026;143,662;150,000;0,692;2716,379;22,010;46,724;7,844;15,434;90,032;50,972;0,945;16,892;2,687;8,873;5698488,305;adhesive;3
16,110;356,669;0,209;191,932;0,2793;34,683;4,930;30,605;314,186;42,484;152,293;74,500;0,861;2833,167;24,245;96,759;6,595;14,696;92,269;109,473;0,875;17,778;6,228;9,323;5698488,305;adhesive;3
17,603;246,226;0,367;181,805;0,2008;28,598;2,482;9,946;185,462;60,764;156,637;180,000;0,692;2786,733;36,589;93,953;10,333;13,167;92,316;104,131;1,258;27,176;4,936;14,187;5698488,305;adhesive;3
22,985;214,444;0,627;205,001;0,2576;32,487;1,698;5,444;155,867;58,577;172,147;179,800;0,780;2716,906;40,773;89,944;11,173;19,469;91,878;103,671;1,511;55,255;2,724;20,719;5698488,305;adhesive;3
12,575;173,456;0,218;149,716;0,1061;19,393;2,591;12,782;135,633;37,824;206,114;0,000;0,483;2790,427;34,861;53,262;4,911;11,256;95,337;62,205;0,922;17,986;2,805;11,694;5698488,305;adhesive;3
20,520;254,549;0,675;246,309;0,2783;30,188;1,814;7,543;182,855;71,693;309,240;22,000;0,808;2897,717;47,232;74,488;16,025;15,233;88,529;97,532;2,230;36,250;3,644;18,792;5698488,305;adhesive;3
15,460;185,675;0,620;181,207;0,1686;20,369;1,041;4,648;134,770;50,905;263,313;41,800;0,618;2754,722;46,887;36,915;9,341;13,190;94,270;54,824;1,385;26,829;1,789;16,410;5698488,305;adhesive;3
10,063;261,355;0,220;161,035;0,1834;20,291;4,703;33,215;210,512;50,843;108,689;172,800;0,666;2902,114;19,561;54,432;11,586;12,956;89,140;62,076;1,156;10,793;3,314;7,096;5698488,305;adhesive;3
12,850;204,277;0,407;170,863;0,1548;22,417;2,610;11,865;147,532;56,745;152,142;0,200;0,591;2830,704;23,558;67,841;18,500;13,234;86,583;84,133;1,798;14,730;4,045;9,339;5698488,305;adhesive;3
7,135;182,334;0,270;142,136;0,09394;14,062;5,346;41,881;152,698;29,636;154,669;118,700;0,455;2972,468;16,368;30,233;6,114;13,430;90,273;26,986;0,721;9,080;1,838;6,005;5698488,305;adhesive;3
3,588;59,297;0,211;136,558;0,07697;4,675;0,216;4,190;32,118;27,179;41,283;178,000;0,406;2864,650;10,908;5,879;4,981;11,374;90,177;9,911;0,521;5,489;0,293;3,893;5698488,305;adhesive;3
10,376;165,748;0,386;151,502;0,1097;18,238;3,476;18,302;135,360;30,388;287,447;63,600;0,494;2824,724;22,090;47,565;5,791;14,372;91,299;64,330;0,804;13,692;2,952;8,336;5698488,305;adhesive;3
13,488;173,691;0,708;158,231;0,1282;21,070;2,346;9,648;125,960;47,730;240,303;179,800;0,537;2766,506;33,002;71,460;7,087;11,119;94,399;72,124;0,973;17,337;3,753;11,364;5698488,305;adhesive;3
10,319;205,776;0,416;159,769;0,1245;17,097;3,308;17,512;175,246;30,530;167,659;8,200;0,529;2899,300;19,659;39,500;5,159;18,768;93,182;53,869;0,672;16,274;2,550;8,136;5698488,305;adhesive;3
7,461;178,291;0,397;151,171;0,1088;15,403;5,025;33,778;144,689;33,601;190,322;90,200;0,494;2832,111;16,447;38,702;5,291;12,370;91,248;33,776;0,642;8,892;2,248;5,921;5698488,305;adhesive;3
16,055;175,625;0,337;172,550;0,1529;23,841;1,954;7,245;124,335;51,290;205,923;0,000;0,590;2771,079;33,778;64,251;10,038;16,212;92,203;78,903;1,253;30,102;3,229;13,965;5698488,305;adhesive;3
13,804;314,780;0,457;193,815;0,2784;25,526;3,860;22,917;277,451;37,329;142,479;0,200;0,836;2869,399;18,359;77,362;9,031;16,150;87,320;87,860;1,001;20,858;4,554;8,711;5698488,305;adhesive;3
5,641;160,549;0,647;141,142;0,08476;11,948;5,709;45,484;135,603;24,945;148,719;0,200;0,428;3001,841;11,801;28,287;4,254;13,333;90,758;27,738;0,498;6,611;1,740;4,315;5698488,305;adhesive;3
11,607;216,055;0,187;157,130;0,1496;20,966;3,948;23,694;179,244;36,812;131,785;79,000;0,595;2751,028;24,897;52,873;7,146;14,513;92,433;67,004;0,885;15,322;3,317;9,190;5698488,305;adhesive;3
4,970;167,006;0,420;137,297;0,08330;10,199;6,881;69,343;137,063;29,943;106,672;89,500;0,424;2858,143;12,778;19,816;4,317;11,947;91,192;13,233;0,516;6,585;1,111;4,514;5698488,305;adhesive;3
17,947;220,205;0,451;260,698;0,2821;25,848;1,786;5,984;119,791;100,414;230,573;141,400;0,818;2862,716;29,902;71,631;10,087;19,859;89,631;84,166;1,297;40,797;2,533;15,610;5698488,305;adhesive;3
3,357;38,074;0,244;121,071;0,05743;4,232;0,211;3,170;20,380;17,693;45,146;179,800;0,346;2861,308;10,597;4,642;3,676;11,737;91,098;8,917;0,436;5,360;0,223;3,734;5698488,305;adhesive;3
14,135;228,031;0,483;175,883;0,1723;26,027;3,573;18,144;184,342;43,689;232,058;180,000;0,643;2836,157;28,058;82,700;7,202;12,562;90,723;97,168;1,014;16,622;4,776;10,410;5698488,305;adhesive;3
17,420;206,375;0,507;204,751;0,2831;28,283;2,720;11,225;159,605;46,770;145,020;0,400;0,833;2774,245;28,508;80,294;8,876;17,857;91,926;103,593;1,086;32,203;4,331;12,948;5698488,305;adhesive;3
15,388;222,994;0,542;197,618;0,2367;25,268;3,033;14,276;182,987;40,007;159,663;20,500;0,762;2756,305;30,515;60,453;6,334;17,782;93,860;92,324;0,948;21,739;4,148;12,010;5698488,305;adhesive;3
4,256;83,816;0,576;130,399;0,07097;6,223;2,249;16,184;59,567;24,249;101,379;177,900;0,387;2830,704;11,725;11,487;4,296;12,870;89,973;14,677;0,516;6,389;0,624;4,294;5698488,305;adhesive;3
6,226;144,069;0,766;140,181;0,08779;12,506;5,114;37,168;119,414;24,655;233,003;0,000;0,436;2839,147;15,172;33,831;4,805;10,310;91,502;31,211;0,587;7,271;1,731;5,228;5698488,305;adhesive;3
14,976;234,171;0,849;228,472;0,2315;22,432;2,032;8,750;165,572;68,599;326,410;90,000;0,738;2924,627;31,434;57,247;10,895;16,767;88,822;69,310;1,444;29,530;2,577;13,595;5698488,305;adhesive;3
3,601;47,683;0,289;123,137;0,05964;4,605;0,212;3,435;22,727;24,956;52,521;179,900;0,353;2849,524;11,063;5,441;4,284;11,936;90,127;9,864;0,492;5,699;0,264;3,984;5698488,305;adhesive;3
8,986;265,938;0,535;191,506;0,2191;17,870;4,865;37,769;225,264;40,674;102,388;17,300;0,729;2752,963;17,572;47,875;9,462;13,077;88,373;52,686;1,002;10,344;2,867;6,608;5698488,305;adhesive;3
7,700;190,253;0,482;159,575;0,1340;14,543;4,076;26,668;153,936;36,317;114,961;6,500;0,557;2875,731;14,956;37,541;9,125;13,741;86,824;41,243;0,972;9,206;2,300;5,875;5698488,305;adhesive;3
8,030;199,934;0,278;175,035;0,1439;12,997;3,312;22,870;164,136;35,798;100,276;117,400;0,568;2816,106;19,843;26,690;7,590;14,102;89,843;33,277;0,902;11,232;1,607;7,404;5698488,305;adhesive;3
3,624;62,508;0,589;129,179;0,06572;4,831;0,800;5,455;38,535;23,973;64,248;180,000;0,371;2894,375;10,607;7,573;4,092;12,814;90,972;11,649;0,457;5,726;0,385;3,816;5698488,305;adhesive;3
3,314;63,081;0,215;125,910;0,06410;4,296;0,198;4,470;33,181;29,900;41,700;180,000;0,368;2897,013;10,228;5,104;4,386;10,968;90,007;8,824;0,478;5,060;0,254;3,641;5698488,305;adhesive;3
8,079;186,523;0,528;174,671;0,1224;13,280;3,133;18,253;118,533;67,990;250,045;0,000;0,520;2880,128;19,941;33,491;6,325;12,678;91,749;41,358;0,770;10,871;1,923;7,103;5698488,305;adhesive;3
11,991;188,689;0,321;228,253;0,1966;16,771;1,526;6,583;109,741;78,948;179,522;105,500;0,669;2917,768;30,139;35,072;10,172;15,961;92,845;52,407;1,129;19,853;1,905;11,391;5698488,305;adhesive;3
3,430;48,472;0,194;121,077;0,05830;4,375;0,001;3,574;22,286;26,185;46,916;180,000;0,349;2890,330;10,737;4,500;4,609;11,131;90,357;8,777;0,498;5,297;0,221;3,798;5698488,305;adhesive;3
6,303;175,848;0,191;159,379;0,1246;11,327;4,718;38,423;142,889;32,959;74,669;13,100;0,538;2821,207;16,681;26,141;5,810;10,564;90,717;21,278;0,683;8,110;1,357;5,905;5698488,305;adhesive;3
10,530;222,743;0,392;184,921;0,1819;17,126;2,979;15,631;181,736;41,007;136,932;0,200;0,654;2681,905;26,845;47,605;6,371;12,131;94,388;56,158;0,820;14,921;2,594;9,195;5698488,305;adhesive;3
11,213;271,004;0,485;206,778;0,1925;15,058;1,407;8,323;205,937;65,067;157,866;174,300;0,661;2771,431;34,726;32,212;8,419;8,967;93,259;38,603;1,031;15,790;1,560;11,777;5698488,305;adhesive;3
6,074;123,461;0,421;147,889;0,08912;9,071;2,217;13,686;78,638;44,823;251,222;90,000;0,437;2892,264;16,234;17,590;6,353;13,714;91,195;21,332;0,696;9,278;0,975;5,930;5698488,305;adhesive;3
11,798;175,408;0,713;168,625;0,1329;18,002;2,322;10,719;123,850;51,559;267,729;0,000;0,543;2752,083;27,777;45,110;8,330;14,620;92,423;58,685;1,019;17,442;2,658;10,321;5698488,305;adhesive;3
13,239;156,103;0,513;200,900;0,1552;17,713;1,083;5,503;105,501;50,602;277,529;176,200;0,583;2869,047;40,031;32,741;10,053;11,734;91,500;46,366;1,503;20,999;1,648;13,731;5698488,305;adhesive;3
3,149;45,176;0,249;116,017;0,05336;4,102;0,210;4,112;22,443;22,733;46,076;0,000;0,334;2996,565;9,590;5,226;4,322;11,609;90,574;8,844;0,449;4,873;0,259;3,406;5698488,305;adhesive;3
11,109;130,811;0,276;162,662;0,1351;14,541;1,101;5,588;88,368;42,443;258,329;142,000;0,552;2860,429;34,669;24,327;6,548;11,297;93,995;37,480;1,029;16,986;1,262;11,993;5698488,305;adhesive;3
10,637;134,033;0,457;216,939;0,1962;13,609;0,895;4,816;85,782;48,252;243,017;175,400;0,666;2921,285;34,917;21,086;7,095;10,557;95,615;32,920;0,944;16,709;1,061;11,698;5698488,305;adhesive;3
10,343;137,075;0,165;202,925;0,1759;14,571;1,217;7,161;90,857;46,218;113,707;9,600;0,629;2847,414;26,895;27,421;12,351;12,125;84,391;37,238;1,456;14,825;1,459;11,148;5698488,305;adhesive;3
18,221;168,256;0,183;189,182;0,1984;26,740;1,914;6,363;119,243;49,013;167,000;0,000;0,688;2733,967;33,187;73,569;8,475;18,723;92,437;87,502;1,149;40,288;3,114;15,685;5698488,305;adhesive;3
13,714;264,904;0,387;186,831;0,2150;25,424;3,383;16,680;212,629;52,275;150,986;160,600;0,736;2937,291;19,723;74,815;12,968;15,447;83,461;95,270;1,445;17,298;4,711;9,212;5698488,305;adhesive;3
5,317;206,432;0,322;142,293;0,09451;10,843;6,305;63,131;177,214;29,218;120,515;175,200;0,459;2985,308;12,771;23,500;6,891;11,147;88,469;15,994;0,735;6,374;1,269;4,579;5698488,305;adhesive;3
13,737;153,981;0,505;180,670;0,1662;18,625;1,421;6,565;99,667;54,315;251,411;179,800;0,613;2785,326;40,966;37,891;10,862;11,926;95,837;54,761;1,163;21,030;1,993;13,886;5698488,305;adhesive;3
18,790;226,830;0,689;248,819;0,2720;25,444;1,325;6,780;149,594;77,236;236,661;0,000;0,791;2705,826;46,828;42,712;15,040;17,295;87,876;66,040;2,172;30,130;2,334;18,951;5698488,305;adhesive;3
17,053;246,045;0,781;237,511;0,2557;23,546;1,609;8,167;151,583;94,461;214,088;26,000;0,766;2702,835;43,015;42,925;15,975;17,622;92,978;61,681;1,630;29,711;2,165;16,764;5698488,305;adhesive;3
6,591;121,059;0,510;157,973;0,1107;9,836;2,213;12,279;88,911;32,148;167,678;174,300;0,492;2727,635;16,289;21,696;6,010;14,820;91,450;28,184;0,670;10,442;1,204;6,169;5698488,305;adhesive;3
9,351;459,039;0,318;184,435;0,1831;16,375;7,839;133,945;416,513;42,526;129,101;90,000;0,702;2862,188;26,210;32,792;6,626;11,507;93,567;35,022;0,861;13,153;1,764;8,887;5698488,305;adhesive;3
6,215;124,471;0,400;143,793;0,09088;9,729;2,721;15,191;94,259;30,212;132,788;0,000;0,446;2835,805;15,505;21,479;5,221;13,984;91,091;29,460;0,641;8,896;1,267;5,650;5698488,305;adhesive;3
2,924;50,219;0,260;113,068;0,04859;3,771;0,148;4,101;25,362;24,857;44,615;176,500;0,317;2993,223;9,101;4,422;3,883;11,001;90,591;7,802;0,415;4,488;0,220;3,208;5698488,305;adhesive;3
18,432;190,741;0,330;228,780;0,2424;23,978;0,862;4,308;114,862;75,878;360,246;90,000;0,749;2707,233;45,692;36,823;16,783;18,883;88,575;61,954;2,261;30,321;1,855;18,420;5698488,305;adhesive;3
13,254;232,818;0,415;210,527;0,1702;17,815;1,356;5,840;189,687;43,131;257,772;0,000;0,619;2896,310;27,727;35,245;8,914;22,102;88,735;48,857;1,249;25,718;1,369;12,932;5698488,305;adhesive;3
5,093;123,227;0,643;138,555;0,07331;7,699;2,511;19,717;86,251;36,976;145,532;175,400;0,393;2915,657;13,570;14,449;6,410;13,268;90,402;17,660;0,661;7,569;0,795;4,942;5698488,305;adhesive;3
13,385;190,090;0,412;199,586;0,1730;19,874;2,652;12,934;138,738;51,352;197,803;143,500;0,623;2930,080;24,108;40,341;5,558;24,233;94,272;59,252;0,748;23,309;2,470;11,302;5698488,305;adhesive;3
5,306;115,575;0,560;132,610;0,07350;7,891;2,712;21,261;79,926;35,650;156,562;175,200;0,395;2797,110;15,646;14,012;5,437;11,075;91,531;15,069;0,627;7,716;0,732;5,452;5698488,305;adhesive;3
6,468;116,813;0,290;149,206;0,1026;10,636;2,800;14,723;83,449;33,364;122,700;180,000;0,475;2876,786;13,922;27,641;6,263;14,384;89,183;33,136;0,685;9,159;1,635;5,434;5698488,305;adhesive;3
4,073;80,150;0,149;122,853;0,06045;5,221;0,288;4,984;51,973;28,177;72,435;175,100;0,357;2915,481;12,910;5,909;4,918;9,051;89,255;9,933;0,573;5,961;0,294;4,623;5698488,305;adhesive;3
3,036;52,273;0,244;113,541;0,05083;3,897;0,142;3,772;31,710;20,562;42,568;175,400;0,325;2954,352;9,479;4,565;3,869;10,387;89,836;7,987;0,438;4,575;0,228;3,353;5698488,305;adhesive;3
12,891;193,093;0,172;234,864;0,2191;17,082;-0,106;4,167;109,114;83,979;178,976;63,700;0,704;2802,563;31,850;19,375;24,371;10,888;80,242;29,325;2,468;17,079;0,979;15,195;5698488,305;adhesive;3
9,282;137,276;0,293;177,244;0,1143;12,739;1,590;7,338;94,607;42,669;315,205;90,000;0,500;2898,772;25,333;25,630;5,369;14,559;94,063;36,005;0,763;15,436;1,340;9,355;5698488,305;adhesive;3
5,668;99,455;0,665;139,028;0,07627;7,950;1,515;7,803;61,611;37,844;223,833;176,600;0,402;2919,351;16,078;16,198;4,995;12,563;92,163;21,651;0,594;8,875;0,847;5,752;5698488,305;adhesive;3
5,897;117,624;0,256;150,364;0,1002;8,984;2,578;16,018;79,485;38,139;109,589;180,000;0,468;2748,742;16,041;19,232;5,639;12,301;91,925;24,261;0,635;8,398;1,066;5,654;5698488,305;adhesive;3
3,909;77,600;0,259;128,969;0,06857;5,378;1,127;9,648;55,488;22,111;53,008;174,300;0,380;2851,635;11,296;8,054;5,201;11,701;88,970;10,880;0,572;5,806;0,415;4,132;5698488,305;adhesive;3
3,213;41,633;0,256;111,174;0,04769;4,095;-0,080;3,583;22,484;19,149;95,192;175,700;0,314;2972,996;10,087;4,116;4,530;8,768;88,355;7,536;0,512;4,609;0,207;3,596;5698488,305;adhesive;3
12,406;291,096;0,644;260,826;0,2642;17,691;1,271;9,088;209,585;81,511;177,628;90,000;0,788;2721,831;31,525;30,082;18,301;13,889;86,096;39,934;2,006;18,668;1,600;12,602;5698488,305;adhesive;3
4,699;78,056;0,643;133,433;0,06901;6,580;1,339;6,993;43,948;34,109;252,882;180,000;0,381;2860,781;12,749;12,936;4,912;13,759;90,949;18,004;0,550;7,526;0,679;4,677;5698488,305;adhesive;3
3,616;51,900;0,146;125,007;0,06338;4,623;0,023;3,602;26,731;25,170;46,421;175,900;0,365;2838,971;11,354;5,009;4,825;10,255;89,883;9,252;0,531;5,448;0,250;4,017;5698488,305;adhesive;3
12,436;159,842;0,524;229,968;0,1881;16,396;0,284;4,258;109,719;50,122;239,232;39,800;0,646;2777,059;34,290;21,166;17,861;11,941;85,130;33,195;1,953;18,469;1,062;14,065;5698488,305;adhesive;3
6,274;99,613;0,395;151,323;0,08934;8,400;1,111;5,455;66,639;32,973;207,302;37,900;0,436;2857,439;17,434;15,127;5,247;14,704;92,250;22,529;0,650;10,695;0,740;6,443;5698488,305;adhesive;3
6,278;242,570;0,205;155,164;0,1216;14,498;7,530;77,244;210,969;31,601;99,426;90,000;0,535;2797,110;14,290;28,839;5,669;12,782;90,556;17,345;0,640;7,674;1,715;5,142;5698488,305;adhesive;3
3,947;64,879;0,174;129,375;0,06778;5,057;0,283;3,977;40,274;24,605;52,874;176,300;0,378;2781,808;12,411;5,893;4,658;10,940;90,601;10,384;0,536;6,099;0,293;4,373;5698488,305;adhesive;3
3,590;58,598;0,274;125,980;0,06508;4,634;0,117;4,074;32,267;26,330;44,273;175,600;0,371;2875,028;11,095;5,300;4,842;10,389;89,432;9,258;0,534;5,366;0,265;3,975;5698488,305;adhesive;3
14,624;222,121;0,316;258,251;0,2706;20,502;1,421;7,307;139,401;82,720;138,021;30,000;0,787;2655,522;39,919;40,833;15,100;13,232;90,763;55,128;1,757;22,613;2,174;14,401;5698488,305;adhesive;3
8,001;169,651;0,773;208,556;0,1604;11,255;1,259;7,916;101,676;67,976;113,288;175,000;0,595;3048,275;21,995;21,526;9,367;12,188;88,889;28,932;1,053;11,869;1,138;8,203;5698488,305;adhesive;3
10,318;319,072;0,660;218,811;0,2093;17,314;3,678;27,320;272,008;47,064;135,374;18,200;0,694;2831,056;23,649;42,148;7,780;14,226;90,529;53,898;0,960;14,954;2,472;8,987;5698488,305;adhesive;3
8,110;195,944;0,442;180,814;0,1626;13,653;3,558;24,393;147,422;48,522;96,861;180,000;0,608;2661,678;20,019;32,427;7,947;12,490;90,135;34,762;0,895;10,996;1,829;7,309;5698488,305;adhesive;3
7,974;174,338;0,280;170,139;0,1405;12,781;2,911;16,072;143,622;30,716;136,306;165,500;0,565;2712,861;17,048;29,219;6,450;16,870;91,292;40,447;0,722;12,091;1,824;6,725;5698488,305;adhesive;3
4,368;106,389;0,181;141,991;0,08830;6,240;2,164;18,839;80,859;25,530;50,138;173,900;0,437;2760,878;12,451;9,705;5,176;13,118;90,844;12,761;0,561;6,709;0,515;4,485;5698488,305;adhesive;3
12,986;206,225;0,426;268,945;0,2544;17,832;1,004;6,155;102,654;103,572;197,196;90,000;0,762;2892,264;35,019;30,891;15,688;14,026;89,210;45,615;1,799;20,264;1,621;12,945;5698488,305;adhesive;3
10,047;191,702;0,337;182,668;0,1409;15,850;2,605;14,150;150,585;41,117;152,848;90,000;0,559;2878,545;25,017;40,510;8,612;12,210;89,308;46,106;1,088;13,665;2,250;9,215;5698488,305;adhesive;3
16,183;314,736;0,314;221,050;0,2895;30,159;3,933;22,193;261,629;53,108;144,593;75,500;0,863;2764,747;26,065;80,336;9,698;16,688;90,758;99,370;1,116;20,781;5,439;10,618;5698488,305;adhesive;3
7,577;203,451;0,494;180,703;0,1583;12,573;4,180;35,110;160,738;42,713;119,578;173,600;0,601;2659,392;18,834;24,097;6,805;14,997;91,598;27,186;0,768;11,277;1,439;7,014;5698488,305;adhesive;3
7,285;154,366;0,494;171,443;0,1380;12,293;3,138;17,840;111,856;42,510;105,957;173,800;0,559;2871,158;15,067;30,949;7,224;15,256;89,844;38,916;0,761;10,583;1,863;5,869;5698488,305;adhesive;3
3,647;147,123;0,347;133,051;0,07063;5,172;1,710;18,706;120,125;26,998;49,640;177,500;0,389;2946,261;10,546;8,265;5,023;11,032;89,211;10,347;0,536;5,268;0,425;3,809;5698488,305;adhesive;3
3,506;56,121;0,260;127,764;0,06778;4,474;0,115;3,613;27,467;28,654;41,818;173,700;0,379;2864,826;11,028;4,943;4,388;10,263;89,757;8,952;0,498;5,318;0,246;3,929;5698488,305;adhesive;3
8,747;180,055;0,344;200,462;0,1557;13,633;2,579;16,670;126,734;53,321;151,417;90,000;0,589;2981,790;21,404;28,027;10,956;14,669;90,230;36,015;1,092;12,910;1,642;8,013;5698488,305;adhesive;3
5,719;128,546;0,284;144,235;0,08337;8,671;3,000;23,242;104,369;24,177;144,473;0,000;0,422;2897,541;15,201;16,391;5,008;14,350;91,727;21,183;0,596;8,814;0,930;5,564;5698488,305;adhesive;3
10,838;145,229;0,742;241,844;0,2191;15,135;1,575;7,600;101,153;44,076;185,853;0,000;0,705;2997,444;27,504;29,032;8,575;16,482;91,065;41,892;1,088;18,476;1,521;10,741;5698488,305;adhesive;3
15,968;184,761;0,274;220,948;0,2758;24,065;2,149;8,159;138,441;46,321;148,425;0,300;0,816;2672,583;35,613;65,466;7,454;16,065;95,582;82,424;0,947;30,950;3,169;14,171;5698488,305;adhesive;3
13,379;204,359;0,762;206,785;0,2420;21,155;2,496;10,667;158,670;45,689;153,332;169,700;0,752;2752,259;27,449;60,177;7,674;15,511;92,007;73,954;0,998;24,603;3,001;11,228;5698488,305;adhesive;3
8,511;186,504;0,241;168,302;0,1400;14,481;2,758;13,448;142,850;43,653;160,177;175,700;0,561;2850,052;14,684;39,699;9,527;16,059;87,121;49,292;0,985;12,435;2,409;6,278;5698488,305;adhesive;3
4,780;64,956;0,576;137,814;0,06987;6,086;0,512;3,952;38,989;25,967;110,192;176,600;0,383;2928,497;15,258;7,868;4,399;11,072;92,017;13,443;0,568;7,489;0,393;5,252;5698488,305;adhesive;3
4,085;65,480;0,215;143,316;0,08705;5,282;0,239;3,965;40,555;24,925;40,278;180,000;0,433;2713,916;12,456;6,486;5,144;11,691;90,082;11,191;0,568;6,367;0,319;4,498;5698488,305;adhesive;3
4,578;80,233;0,330;133,667;0,06730;6,066;0,886;7,052;55,708;24,525;90,142;175,600;0,375;2891,385;14,015;8,512;5,015;11,364;90,831;12,840;0,583;7,014;0,434;4,975;5698488,305;adhesive;3
4,010;55,252;0,199;133,881;0,07539;5,067;0,112;3,443;29,927;25,325;44,471;179,900;0,401;2785,854;12,923;5,288;4,706;9,991;90,700;10,096;0,542;6,120;0,264;4,522;5698488,305;adhesive;3
5,026;97,897;0,570;137,424;0,07204;7,174;1,929;13,787;65,880;32,017;209,701;180,000;0,389;2863,243;15,025;12,369;5,495;10,608;90,849;14,098;0,628;7,309;0,632;5,280;5698488,305;adhesive;3
5,161;105,247;0,571;146,166;0,07757;6,717;0,891;6,650;79,408;25,839;155,896;177,400;0,403;2944,678;15,691;9,247;4,708;12,805;91,406;15,057;0,607;8,324;0,460;5,594;5698488,305;adhesive;3
5,143;94,524;0,471;162,024;0,09306;6,923;1,128;7,046;69,742;24,782;81,741;180,000;0,443;3034,732;15,093;11,286;4,940;12,553;90,710;16,447;0,614;8,057;0,583;5,448;5698488,305;adhesive;3
4,639;75,053;0,648;153,260;0,08451;6,162;0,854;4,942;40,052;35,001;74,800;0,000;0,422;3006,766;13,171;9,858;4,793;14,182;90,907;15,293;0,554;7,631;0,492;4,883;5698488,305;adhesive;3
3,742;61,305;0,291;126,585;0,06367;4,767;0,304;3,880;39,263;22,042;59,281;178,500;0,365;2808,015;11,709;5,505;4,278;11,762;91,133;10,088;0,493;5,925;0,268;4,119;5698488,305;adhesive;3
4,563;72,603;0,568;158,477;0,08615;6,000;0,724;4,968;46,047;26,557;67,452;179,500;0,426;3073,778;13,589;8,818;4,719;12,500;90,394;13,723;0,568;7,245;0,443;4,947;5698488,305;adhesive;3
4,351;79,027;0,330;141,310;0,07530;5,918;1,237;8,802;57,053;21,974;77,083;179,800;0,398;2936,939;12,908;9,073;4,668;11,959;90,286;12,548;0,560;6,631;0,472;4,613;5698488,305;adhesive;3
4,801;146,044;0,339;145,455;0,08009;8,331;5,485;59,365;121,760;24,284;96,613;179,700;0,412;3009,756;13,251;15,276;5,451;10,723;88,971;12,758;0,627;6,557;0,792;4,808;5698488,305;adhesive;3
5,405;90,788;0,431;161,963;0,09258;7,310;1,131;6,432;62,740;28,048;119,382;175,800;0,442;3038,425;15,466;12,606;5,081;13,000;90,540;18,528;0,638;8,453;0,659;5,633;5698488,305;adhesive;3
5,174;74,345;0,279;142,486;0,07955;6,871;0,820;5,441;47,366;26,980;162,083;0,000;0,410;2852,338;15,440;10,808;5,366;11,691;90,115;15,921;0,659;7,933;0,552;5,542;5698488,305;adhesive;3
5,836;156,709;0,389;140,194;0,08411;11,203;4,632;34,317;123,021;33,689;161,934;160,300;0,427;2938,522;11,975;28,070;5,603;13,699;88,985;33,075;0,613;7,127;1,724;4,537;5698488,305;adhesive;3
4,045;93,303;0,777;130,839;0,06418;6,356;3,527;31,071;72,109;21,194;116,191;178,900;0,366;2950,658;11,365;12,282;4,430;11,106;90,194;12,733;0,503;5,686;0,646;4,052;5698488,305;adhesive;3
5,013;72,302;0,326;135,598;0,06881;6,475;0,619;4,386;47,886;24,416;345,308;175,700;0,380;2983,373;14,906;8,834;5,211;13,691;91,645;14,776;0,605;8,155;0,432;5,361;5698488,305;adhesive;3